[
  {
    "keyword": "Feature",
    "line": 2,
    "name": "Google Search",
    "tags": [
      {
        "line": 1,
        "name": "@Allgoogle"
      }
    ],
    "uri": "C:\\ProgramFiles\\nightwatch-cucumber2\\features\\google.feature",
    "elements": [
      {
        "keyword": "Scenario",
        "line": 5,
        "name": "Searching Google",
        "tags": [
          {
            "line": 1,
            "name": "@Allgoogle"
          },
          {
            "line": 4,
            "name": "@google"
          }
        ],
        "id": "google-search;searching-google",
        "steps": [
          {
            "arguments": [],
            "keyword": "Given ",
            "name": "I open Google's search page",
            "result": {
              "status": "passed",
              "duration": 5794
            },
            "line": 7,
            "match": {
              "location": "C:\\ProgramFiles\\nightwatch-cucumber2\\features\\step_definitions\\google.js:5"
            }
          },
          {
            "arguments": [],
            "keyword": "Then ",
            "name": "the title is \"Google\"",
            "result": {
              "status": "passed",
              "duration": 14
            },
            "line": 8,
            "match": {
              "location": "C:\\ProgramFiles\\nightwatch-cucumber2\\features\\step_definitions\\google.js:12"
            }
          },
          {
            "arguments": [],
            "keyword": "And ",
            "name": "the Google1 search form exists",
            "result": {
              "status": "passed",
              "duration": 1161
            },
            "line": 9,
            "match": {
              "location": "C:\\ProgramFiles\\nightwatch-cucumber2\\features\\step_definitions\\google.js:26"
            }
          }
        ]
      },
      {
        "keyword": "Scenario",
        "line": 12,
        "name": "Searching Google1",
        "tags": [
          {
            "line": 1,
            "name": "@Allgoogle"
          },
          {
            "line": 11,
            "name": "@google1"
          }
        ],
        "id": "google-search;searching-google1",
        "steps": [
          {
            "arguments": [],
            "keyword": "Given ",
            "name": "I open Google's search page",
            "result": {
              "status": "passed",
              "duration": 4769
            },
            "line": 14,
            "match": {
              "location": "C:\\ProgramFiles\\nightwatch-cucumber2\\features\\step_definitions\\google.js:5"
            }
          },
          {
            "arguments": [],
            "keyword": "Then ",
            "name": "the title is \"Google\"",
            "result": {
              "status": "passed",
              "duration": 11
            },
            "line": 15,
            "match": {
              "location": "C:\\ProgramFiles\\nightwatch-cucumber2\\features\\step_definitions\\google.js:12"
            }
          },
          {
            "arguments": [],
            "keyword": "And ",
            "name": "the Google search form exists",
            "result": {
              "status": "failed",
              "duration": 3193,
              "error_message": "Timed out while waiting for element <body1> to be present for 2000 milliseconds. - Expected \"visible\" but got: \"not found\"\n    at World.Then (C:\\ProgramFiles\\nightwatch-cucumber2\\features\\step_definitions\\google.js:21:5)"
            },
            "line": 16,
            "match": {
              "location": "C:\\ProgramFiles\\nightwatch-cucumber2\\features\\step_definitions\\google.js:17"
            }
          }
        ]
      }
    ],
    "id": "google-search"
  }
]