﻿<?xml version="1.0" encoding="utf-8" ?>
<configuration>
	<!-- This indicates the release date and version of Sandcastle with which this installer is associated.-->
	<sandcastle date="October 2013" version="v2.7.4.0" />

	<!-- Define the installer pages.  Third-party build tool and component providers can add new pages that
			 they have created to install their own products as well. -->
	<pages>
		<!-- These are the pages used by the installer.  Their order here will determine their order in the
				 installation form.  If set, the assembly attribute is the assembly containing the given type.  If
				 not set, the given installer page type is assumed to be in the same assembly as the currently
				 executing installer. -->
		<page type="Sandcastle.Installer.InstallerPages.WelcomePage" />
		<page type="Sandcastle.Installer.InstallerPages.WhatsNewPage">
			<whatsNew url="http://www.ewoodruff.us/sandcastletools/?topic=html/655dc2f6-9e3c-45b1-8d7f-472ddd6eac1f.htm"
				description="Sandcastle v2.7.4.0 Release Notes" />
			<whatsNew url="http://www.ewoodruff.us/shfbdocs/?topic=html/f4c5d176-8da1-4500-b070-e3b1e9e2c65c.htm"
				description="Sandcastle Help File Builder v1.9.8.0 Release Notes" />
		</page>
		<page type="Sandcastle.Installer.InstallerPages.RequiredFrameworkPage" />
		<page type="Sandcastle.Installer.InstallerPages.HelpFileFormatsPage">
			<page type="Sandcastle.Installer.InstallerPages.Help1CompilerPage" />
			<page type="Sandcastle.Installer.InstallerPages.Help2CompilerPage" />
		</page>
		<page type="Sandcastle.Installer.InstallerPages.SandcastlePage"
			frameworkVersion="4.0" sandcastleVersion="2.7.4.0" installerName="Sandcastle_2740.msi" />
		<page type="Sandcastle.Installer.InstallerPages.MamlIntelliSensePage">
			<!-- These paths can be adjusted if you installed Visual Studio in a non-standard location -->
			<visualStudio version="Visual Studio 2008" location="%VS90COMNTOOLS%\..\..\Xml\Schemas" />
			<visualStudio version="Visual Studio 2010" location="%VS100COMNTOOLS%\..\..\Xml\Schemas" />
			<visualStudio version="Visual Studio 2012" location="%VS110COMNTOOLS%\..\..\Xml\Schemas" />
			<visualStudio version="Visual Studio 2013" location="%VS120COMNTOOLS%\..\..\Xml\Schemas" />
		</page>
		<page type="Sandcastle.Installer.InstallerPages.MamlSnippetsPage">
			<!-- These paths can be adjusted if your snippets are in a non-standard location.  Typically they are
					 in the My Documents folder. -->
			<visualStudio version="Visual Studio 2008" location="Visual Studio 2008\Code Snippets\Xml\My Xml Snippets" />
			<visualStudio version="Visual Studio 2010" location="Visual Studio 2010\Code Snippets\Xml\My Xml Snippets" />
			<visualStudio version="Visual Studio 2012" location="Visual Studio 2012\Code Snippets\Xml\My Xml Snippets" />
			<visualStudio version="Visual Studio 2013" location="Visual Studio 2013\Code Snippets\Xml\My Xml Snippets" />
		</page>

		<!-- Sandcastle Help File Builder installer pages -->
		<page type="Sandcastle.Installer.InstallerPages.SandcastleHelpFileBuilderPage"
			frameworkVersion="4.0" shfbVersion="1.9.8.0" installerName="SandcastleHelpFileBuilder_1980.msi"/>
		<page type="Sandcastle.Installer.InstallerPages.SHFBVisualStudioPackagePage"
			frameworkVersion="4.0" packageGuid="c997d569-ee8e-4947-a46f-9a0717ce39a0"
			installerName="SHFBVisualStudioPackage_1980.vsix">
			<!-- These paths can be adjusted if you installed Visual Studio in a non-standard location.  They must
					 be in version order from earliest to most recent. -->
			<visualStudio version="10.0" name="Visual Studio 2010 Professional/Premium/Ultimate"
				location="%VS100COMNTOOLS%\..\IDE" />
			<visualStudio version="11.0" name="Visual Studio 2012 Professional/Premium/Ultimate"
				location="%VS110COMNTOOLS%\..\IDE" />
			<visualStudio version="12.0" name="Visual Studio 2013 Professional/Premium/Ultimate"
				location="%VS120COMNTOOLS%\..\IDE" />
		</page>

		<page type="Sandcastle.Installer.InstallerPages.VisualStudioSpellCheckerPage" />
		<page type="Sandcastle.Installer.InstallerPages.CompletionPage" />
	</pages>
</configuration>
